201,Abdi,35,Male,601,Constantine,Constantine,ElKhroub
202,Boukli,28,Female,602,Annaba,Annaba,Berrahal
203,Saadani,39,Male,603,TiziOuzou,TiziOuzou,Azeffoun
204,Mimoune,31,Female,604,Blida,Blida,BirMouradRais
205,Ziane,37,Male,605,Algiers,Algiers,AinBenian
206,Boudjelida,40,Female,606,Oran,Oran,AinElTurk
207,Azzi,33,Male,607,Constantine,Constantine,Setif
208,Khodja,29,Female,608,Annaba,Annaba,ElBouni
209,Touati,36,Male,609,TiziOuzou,TiziOuzou,TiziRached
210,Benmoussa,42,Female,610,Blida,Blida,Boufarik
211,Messaoud,27,Male,611,Algiers,Algiers,ElHarrach
212,Meziani,38,Female,612,Algiers,Algiers,ElHarrach
213,Louafi,40,Male,613,Constantine,Constantine,ElKhroub
214,Belarbi,27,Female,614,Annaba,Annaba,Berrahal
215,Kebir,28,Male,615,TiziOuzou,TiziOuzou,Azeffoun
216,Bounab,44,Female,616,Blida,Blida,BirMouradRais
217,Mekki,30,Male,617,Algiers,Algiers,AinBenian
218,Saadane,36,Female,618,Oran,Oran,AinElTurk
219,Hanoune,33,Male,619,Constantine,Constantine,Setif
220,Boudiaf,29,Female,620,Annaba,Annaba,ElBouni
221,Chibane,38,Male,621,TiziOuzou,TiziOuzou,TiziRached
222,Berrouaghia,27,Female,622,Blida,Blida,Boufarik
223,Zaoui,27,Male,623,Algiers,Algiers,ElHarrach
224,Kaci,40,Female,624,Oran,Oran,BirElDjir
225,Hamidi,29,Male,625,Constantine,Constantine,ElKhroub
226,Lamara,38,Female,626,Annaba,Annaba,Berrahal
227,Bouchouareb,29,Male,627,TiziOuzou,TiziOuzou,Azeffoun
228,Medjadi,44,Female,628,Blida,Blida,BirMouradRais
229,Djamaa,28,Male,629,Algiers,Algiers,AinBenian
230,Bouaziz,33,Female,630,Oran,Oran,AinElTurk
231,Mefti,42,Male,631,Constantine,Constantine,Setif
232,Zouaoui,29,Female,632,Annaba,Annaba,ElBouni
233,Benhamouda,38,Male,633,TiziOuzou,TiziOuzou,TiziRached
234,Hamoudi,27,Female,634,Blida,Blida,Boufarik
235,Lekjaa,27,Male,635,Algiers,Algiers,ElHarrach
236,Boudjellal,40,Female,636,Oran,Oran,BirElDjir
237,Bensaoula,29,Male,637,Constantine,Constantine,ElKhroub
238,Chiboub,38,Female,638,Annaba,Annaba,Berrahal
239,Arsalane,33,Male,639,TiziOuzou,TiziOuzou,Azeffoun
240,Bounedjah,29,Female,640,Blida,Blida,BirMouradRais
241,Mokrani,38,Male,641,Algiers,Algiers,AinBenian
242,Laamari,31,Female,642,Oran,Oran,AinElTurk
243,Djebbari,27,Male,643,Constantine,Constantine,Setif
244,Sidhoum,41,Female,644,Annaba,Annaba,ElBouni
245,Mahrez,35,Male,645,TiziOuzou,TiziOuzou,TiziRached
246,Saadani,29,Female,646,Blida,Blida,Boufarik
247,Chalali,29,Male,647,Algiers,Algiers,ElHarrach
248,Benali,44,Female,648,Oran,Oran,BirElDjir
249,Halliche,28,Male,649,Constantine,Constantine,ElKhroub
250,Feghouli,44,Female,650,Annaba,Annaba,Berrahal
251,Aribi,30,Male,651,TiziOuzou,TiziOuzou,Azeffoun
252,Benguit,42,Female,652,Blida,Blida,BirMouradRais
253,Atal,29,Male,653,Algiers,Algiers,AinBenian
254,Saadi,38,Female,654,Oran,Oran,AinElTurk
255,Bounoua,33,Male,655,Constantine,Constantine,Setif
256,Djemaouni,29,Female,656,Annaba,Annaba,ElBouni
257,Mahboubi,44,Male,657,TiziOuzou,TiziOuzou,TiziRached
258,Kaci,31,Female,658,Blida,Blida,Boufarik
259,Bougherra,27,Male,659,Algiers,Algiers,ElHarrach
260,Bouguerra,40,Female,660,Oran,Oran,BirElDjir
261,Mansouri,29,Male,661,Constantine,Constantine,ElKhroub
262,Taleb,36,Female,662,Annaba,Annaba,Berrahal
263,Belkalem,42,Male,663,TiziOuzou,TiziOuzou,Azeffoun
264,Hadjadj,27,Female,664,Blida,Blida,BirMouradRais
265,Ferhat,27,Male,665,Algiers,Algiers,AinBenian
266,Guedioura,44,Female,666,Oran,Oran,AinElTurk
267,Boughanem,30,Male,667,Constantine,Constantine,Setif
268,Belarbi,38,Female,668,Annaba,Annaba,ElBouni
269,Medjani,33,Male,669,TiziOuzou,TiziOuzou,TiziRached
270,Bentaleb,29,Female,670,Blida,Blida,Boufarik
271,Belaili,38,Male,671,Algiers,Algiers,ElHarrach
272,Slimani,31,Female,672,Oran,Oran,BirElDjir
273,Brahimi,27,Male,673,Constantine,Constantine,ElKhroub
274,Khiladi,40,Female,674,Annaba,Annaba,Berrahal
275,Tassili,35,Male,675,TiziOuzou,TiziOuzou,Azeffoun
276,Boucherit,29,Female,676,Blida,Blida,BirMouradRais
277,Boushaki,44,Male,677,Algiers,Algiers,AinBenian
278,Boukadoum,38,Female,678,Oran,Oran,AinElTurk
279,Tidjani,33,Male,679,Constantine,Constantine,Setif
280,Sahnoun,29,Female,680,Annaba,Annaba,ElBouni
281,Bouazza,38,Male,681,TiziOuzou,TiziOuzou,TiziRached
282,Bouiche,27,Female,682,Blida,Blida,Boufarik
283,Belmokhtar,27,Male,683,Algiers,Algiers,ElHarrach
284,Kheireddine,40,Female,684,Oran,Oran,BirElDjir
285,Boumediene,29,Male,685,Constantine,Constantine,ElKhroub
286,Belaid,44,Female,686,Annaba,Annaba,Berrahal
287,Haddad,30,Male,687,TiziOuzou,TiziOuzou,Azeffoun
288,Benhamouda,38,Female,688,Blida,Blida,BirMouradRais
289,Chikhaoui,33,Male,689,Algiers,Algiers,AinBenian
290,Hachemi,42,Female,690,Oran,Oran,AinElTurk
291,Belhadj,29,Male,691,Constantine,Constantine,Setif
292,Boudjema,38,Female,692,Annaba,Annaba,ElBouni
293,Taleb,33,Male,693,TiziOuzou,TiziOuzou,TiziRached
294,Belalia,31,Female,694,Blida,Blida,Boufarik
295,Kerbouche,27,Male,695,Algiers,Algiers,ElHarrach
296,Mellal,44,Female,696,Oran,Oran,BirElDjir
297,Benhamou,28,Male,697,Constantine,Constantine,ElKhroub
298,Boussaid,39,Female,698,Annaba,Annaba,Berrahal
299,Bouchouk,37,Male,699,TiziOuzou,TiziOuzou,Azeffoun
300,Tahkout,28,Female,700,Blida,Blida,BirMouradRais
301,Souak,35,Male,701,Algiers,Algiers,SidiM'Hamed