Timekten,Aoulef,Adrar,1
Bouda,Adrar,Adrar,1
Ouled Ahmed Timmi,Adrar,Adrar,1
Adrar,Adrar,Adrar,1
Fenoughil,Fenoughil,Adrar,1
In Zghmir,Zaouiat Kounta,Adrar,1
Reggane,Reggane,Adrar,1
Sali,Reggane,Adrar,1
Sebaa,Tsabit,Adrar,1
Tsabit,Tsabit,Adrar,1
Tamest,Fenoughil,Adrar,1
Tamantit,Fenoughil,Adrar,1
Tit,Aoulef,Adrar,1
Zaouiet Kounta,Zaouiat Kounta,Adrar,1
Akabli,Aoulef,Adrar,1
Aoulef,Aoulef,Adrar,1
Talassa,Abou El Hassane,Chlef,2
Zeboudja,Zeboudja,Chlef,2
El Hadjadj,Ouled Ben Abdelkader,Chlef,2
Ouled Ben Abdelkader,Ouled Ben Abdelkader,Chlef,2
Ain Merane,Ain Merane,Chlef,2
Breira,Beni Haoua,Chlef,2
Ouled Abbes,Oued Fodda,Chlef,2
Oued Fodda,Oued Fodda,Chlef,2
Beni Rached,Oued Fodda,Chlef,2
Herenfa,Ain Merane,Chlef,2
Tadjena,Abou El Hassane,Chlef,2
El Marsa,El Marsa,Chlef,2
Chlef,Chlef,Chlef,2
Oum Drou,Chlef,Chlef,2
Sendjas,Chlef,Chlef,2
Sidi Abderrahmane,Tenes,Chlef,2
Sidi Akkacha,Tenes,Chlef,2
Tenes,Tenes,Chlef,2
Beni Bouattab,El Karimia,Chlef,2
El Karimia,El Karimia,Chlef,2
Harchoun,El Karimia,Chlef,2
Bouzeghaia,Zeboudja,Chlef,2
Taougrit,Taougrit,Chlef,2
Beni Haoua,Beni Haoua,Chlef,2
Abou El Hassane,Abou El Hassane,Chlef,2
Oued Goussine,Beni Haoua,Chlef,2
Chettia,Ouled Fares,Chlef,2
Moussadek,El Marsa,Chlef,2
Ouled Fares,Ouled Fares,Chlef,2
Boukadir,Boukadir,Chlef,2
Oued Sly,Boukadir,Chlef,2
Sobha,Boukadir,Chlef,2
Benairia,Zeboudja,Chlef,2
Labiod Medjadja,Ouled Fares,Chlef,2
Dahra,Taougrit,Chlef,2
El Beidha,Gueltat Sidi Saad,Laghouat,3
Gueltat Sidi Saad,Gueltat Sidi Saad,Laghouat,3
Brida,Brida,Laghouat,3
Ain Sidi Ali,Gueltat Sidi Saad,Laghouat,3
Tadjemout,Ain Madhi,Laghouat,3
Hadj Mechri,Brida,Laghouat,3
Taouiala,Brida,Laghouat,3
El Ghicha,El Ghicha,Laghouat,3
Tadjrouna,Ain Madhi,Laghouat,3
Sebgag,Aflou,Laghouat,3
Sidi Bouzid,Aflou,Laghouat,3
Oued Morra,Oued Morra,Laghouat,3
Laghouat,Laghouat,Laghouat,3
Oued M'zi,Oued Morra,Laghouat,3
Ksar El Hirane,Ksar El Hirane,Laghouat,3
El Assafia,Sidi Makhlouf,Laghouat,3
Sidi Makhlouf,Sidi Makhlouf,Laghouat,3
Hassi Delaa,Hassi R'mel,Laghouat,3
Hassi R'mel,Hassi R'mel,Laghouat,3
Ain Madhi,Ain Madhi,Laghouat,3
El Haouaita,Ain Madhi,Laghouat,3
Kheneg,Ain Madhi,Laghouat,3
Benacer Benchohra,Ksar El Hirane,Laghouat,3
Aflou,Aflou,Laghouat,3
Fkirina,F'kirina,Oum El Bouaghi,4
El Fedjoudj Boughrara Sa,Ain Fekroun,Oum El Bouaghi,4
Ain Fekroun,Ain Fekroun,Oum El Bouaghi,4
Rahia,Meskiana,Oum El Bouaghi,4
Meskiana,Meskiana,Oum El Bouaghi,4
El Belala,Meskiana,Oum El Bouaghi,4
Behir Chergui,Meskiana,Oum El Bouaghi,4
Ksar Sbahi,Ksar Sbahi,Oum El Bouaghi,4
Souk Naamane,Souk Naamane,Oum El Bouaghi,4
Ouled Zouai,Souk Naamane,Oum El Bouaghi,4
Oum El Bouaghi,Oum El Bouaghi,Oum El Bouaghi,4
Ain Babouche,Ain Babouche,Oum El Bouaghi,4
Ain Zitoun,Oum El Bouaghi,Oum El Bouaghi,4
Bir Chouhada,Souk Naamane,Oum El Bouaghi,4
Ain Beida,Ain Beida,Oum El Bouaghi,4
Berriche,Ain Beida,Oum El Bouaghi,4
Zorg,Ain Beida,Oum El Bouaghi,4
Ain M'lila,Ain M'lila,Oum El Bouaghi,4
Ouled Gacem,Ain M'lila,Oum El Bouaghi,4
Ouled Hamla,Ain M'lila,Oum El Bouaghi,4
El Amiria,Sigus,Oum El Bouaghi,4
Sigus,Sigus,Oum El Bouaghi,4
Oued Nini,F'kirina,Oum El Bouaghi,4
Ain Diss,Ain Babouche,Oum El Bouaghi,4
Dhalaa,Dhalaa,Oum El Bouaghi,4
El Djazia,Dhalaa,Oum El Bouaghi,4
Ain Kercha,Ain Kercha,Oum El Bouaghi,4
El Harmilia,Ain Kercha,Oum El Bouaghi,4
Hanchir Toumghani,Ain Kercha,Oum El Bouaghi,4
Maafa,Ain Touta,Batna,5
Gosbat,Ras El Aioun,Batna,5
Timgad,Timgad,Batna,5
Taxlent,Ouled Si Slimane,Batna,5
Ouled Si Slimane,Ouled Si Slimane,Batna,5
Lemcene,Ouled Si Slimane,Batna,5
Talkhamt,Ras El Aioun,Batna,5
Ras El Aioun,Ras El Aioun,Batna,5
Rahbat,Ras El Aioun,Batna,5
Ouled Sellem,Ras El Aioun,Batna,5
Guigba,Ras El Aioun,Batna,5
Teniet El Abed,Theniet El Abed,Batna,5
Batna,Batna,Batna,5
Fesdis,Batna,Batna,5
Oued Chaaba,Batna,Batna,5
Hidoussa,Merouana,Batna,5
Ksar Bellezma,Merouana,Batna,5
Merouana,Merouana,Batna,5
Oued El Ma,Merouana,Batna,5
Lazrou,Seriana,Batna,5
Seriana,Seriana,Batna,5
Zanet El Beida,Seriana,Batna,5
Menaa,Menaa,Batna,5
Tigharghar,Menaa,Batna,5
Ain Yagout,El Madher,Batna,5
Boumia,El Madher,Batna,5
Djerma,El Madher,Batna,5
El Madher,El Madher,Batna,5
Ouyoun El Assafir,Tazoult,Batna,5
Tazoult,Tazoult,Batna,5
Boumagueur,N'gaous,Batna,5
N Gaous,N'gaous,Batna,5
Sefiane,N'gaous,Batna,5
Arris,Arris,Batna,5
Tighanimine,Arris,Batna,5
Ain Djasser,Ain Djasser,Batna,5
El Hassi,Ain Djasser,Batna,5
Seggana,Seggana,Batna,5
Tilatou,Seggana,Batna,5
Foum Toub,Ichemoul,Batna,5
Ichemoul,Ichemoul,Batna,5
Inoughissen,Ichemoul,Batna,5
Bouzina,Bouzina,Batna,5
Larbaa,Bouzina,Batna,5
Boulhilat,Chemora,Batna,5
Chemora,Chemora,Batna,5
Barika,Barika,Batna,5
Bitam,Barika,Batna,5
M Doukal,Barika,Batna,5
Azil Abedelkader,Djezzar,Batna,5
Djezzar,Djezzar,Batna,5
Ouled Ammar,Djezzar,Batna,5
Ghassira,Tkout,Batna,5
Kimmel,Tkout,Batna,5
T Kout,Tkout,Batna,5
Ain Touta,Ain Touta,Batna,5
Beni Foudhala El Hakania,Ain Touta,Batna,5
Ouled Fadel,Timgad,Batna,5
Ouled Aouf,Ain Touta,Batna,5
Chir,Theniet El Abed,Batna,5
Oued Taga,Theniet El Abed,Batna,5
Sidi Ayad,Sidi Aich,Bï¿½jaï¿½a,6
Barbacha,Barbacha,Bï¿½jaï¿½a,6
Leflaye,Sidi Aich,Bï¿½jaï¿½a,6
Kendira,Barbacha,Bï¿½jaï¿½a,6
Sidi-Aich,Sidi Aich,Bï¿½jaï¿½a,6
Tifra,Sidi Aich,Bï¿½jaï¿½a,6
Tinebdar,Sidi Aich,Bï¿½jaï¿½a,6
El Kseur,El Kseur,Bï¿½jaï¿½a,6
Fenaia Il Maten,El Kseur,Bï¿½jaï¿½a,6
Toudja,El Kseur,Bï¿½jaï¿½a,6
Dra El Caid,Kherrata,Bï¿½jaï¿½a,6
Kherrata,Kherrata,Bï¿½jaï¿½a,6
Bejaia,Bejaia,Bï¿½jaï¿½a,6
Oued Ghir,Bejaia,Bï¿½jaï¿½a,6
Benimaouche,Beni Maouche,Bï¿½jaï¿½a,6
Beni Djellil,Amizour,Bï¿½jaï¿½a,6
Feraoun,Amizour,Bï¿½jaï¿½a,6
Smaoun,Amizour,Bï¿½jaï¿½a,6
Timezrit,Timezrit,Bï¿½jaï¿½a,6
Melbou,Souk El Tenine,Bï¿½jaï¿½a,6
Souk El Tenine,Souk El Tenine,Bï¿½jaï¿½a,6
Tamridjet,Souk El Tenine,Bï¿½jaï¿½a,6
Boukhelifa,Tichy,Bï¿½jaï¿½a,6
Tala Hamza,Tichy,Bï¿½jaï¿½a,6
Tichy,Tichy,Bï¿½jaï¿½a,6
Ait R'zine,Ighil Ali,Bï¿½jaï¿½a,6
Ighil-Ali,Ighil Ali,Bï¿½jaï¿½a,6
Ait-Smail,Darguina,Bï¿½jaï¿½a,6
Darguina,Darguina,Bï¿½jaï¿½a,6
Taskriout,Darguina,Bï¿½jaï¿½a,6
Aokas,Aokas,Bï¿½jaï¿½a,6
Tizi-N'berber,Aokas,Bï¿½jaï¿½a,6
Adekar,Adekar,Bï¿½jaï¿½a,6
Beni K'sila,Adekar,Bï¿½jaï¿½a,6
Taourit Ighil,Adekar,Bï¿½jaï¿½a,6
Akbou,Akbou,Bï¿½jaï¿½a,6
Chellata,Akbou,Bï¿½jaï¿½a,6
Ighram,Akbou,Bï¿½jaï¿½a,6
Tamokra,Akbou,Bï¿½jaï¿½a,6
Amalou,Seddouk,Bï¿½jaï¿½a,6
Bouhamza,Seddouk,Bï¿½jaï¿½a,6
M'cisna,Seddouk,Bï¿½jaï¿½a,6
Seddouk,Seddouk,Bï¿½jaï¿½a,6
Beni-Mallikeche,Tazmalt,Bï¿½jaï¿½a,6
Boudjellil,Tazmalt,Bï¿½jaï¿½a,6
Tazmalt,Tazmalt,Bï¿½jaï¿½a,6
Akfadou,Chemini,Bï¿½jaï¿½a,6
Chemini,Chemini,Bï¿½jaï¿½a,6
Souk Oufella,Chemini,Bï¿½jaï¿½a,6
Tibane,Chemini,Bï¿½jaï¿½a,6
Ouzellaguen,Ifri Ouzellaguene,Bï¿½jaï¿½a,6
Amizour,Amizour,Bï¿½jaï¿½a,6
El Feidh,Zeribet El Oued,Biskra,7
Lichana,Tolga,Biskra,7
Bouchakroun,Tolga,Biskra,7
Mekhadma,Ourlal,Biskra,7
Djemorah,Djemorah,Biskra,7
Branis,Djemorah,Biskra,7
El Outaya,El Outaya,Biskra,7
El Kantara,El Kantara,Biskra,7
Khenguet Sidi Nadji,Zeribet El Oued,Biskra,7
Ain Zaatout,El Kantara,Biskra,7
Zeribet El Oued,Zeribet El Oued,Biskra,7
Meziraa,Zeribet El Oued,Biskra,7
Biskra,Biskra,Biskra,7
El Hadjab,Biskra,Biskra,7
M'lili,Ourlal,Biskra,7
Foughala,Foughala,Biskra,7
El Ghrous,Foughala,Biskra,7
Bordj Ben Azzouz,Tolga,Biskra,7
Ourlal,Ourlal,Biskra,7
Oumache,Ourlal,Biskra,7
Ain Naga,Sidi Okba,Biskra,7
Chetma,Sidi Okba,Biskra,7
El Haouch,Sidi Okba,Biskra,7
Sidi Okba,Sidi Okba,Biskra,7
M'chouneche,Mechouneche,Biskra,7
Lioua,Ourlal,Biskra,7
Tolga,Tolga,Biskra,7
Bechar,Bechar,Bï¿½char,8
Boukais,Lahmar,Bï¿½char,8
Lahmar,Lahmar,Bï¿½char,8
Mogheul,Lahmar,Bï¿½char,8
Meridja,Kenadsa,Bï¿½char,8
Taghit,Taghit,Bï¿½char,8
Abadla,Abadla,Bï¿½char,8
Erg-Ferradj,Abadla,Bï¿½char,8
Machraa-Houari-Boumediene,Abadla,Bï¿½char,8
Beni-Ounif,Beni Ounif,Bï¿½char,8
Tabelbala,Tabelbala,Bï¿½char,8
Kenadsa,Kenadsa,Bï¿½char,8
Beni Mered,Ouled Yaich,Blida,9
Ouled Slama,Bougara,Blida,9
Mouzaia,Mouzaia,Blida,9
Hammam Elouane,Bougara,Blida,9
Bougara,Bougara,Blida,9
Souhane,Larbaa,Blida,9
Larbaa,Larbaa,Blida,9
Soumaa,Boufarik,Blida,9
Guerrouaou,Boufarik,Blida,9
Boufarik,Boufarik,Blida,9
Meftah,Meftah,Blida,9
Chiffa,Mouzaia,Blida,9
Ain Romana,Mouzaia,Blida,9
Oued  Djer,El Affroun,Blida,9
El-Affroun,El Affroun,Blida,9
Ouled Yaich,Ouled Yaich,Blida,9
Chrea,Ouled Yaich,Blida,9
Djebabra,Meftah,Blida,9
Oued El Alleug,Oued El Alleug,Blida,9
Benkhelil,Oued El Alleug,Blida,9
Beni-Tamou,Oued El Alleug,Blida,9
Chebli,Bouinan,Blida,9
Bouinan,Bouinan,Blida,9
Bouarfa,Blida,Blida,9
Blida,Blida,Blida,9
Ain Laloui,Ain Bessem,Bouira,10
Hadjera Zerga,Bordj Okhriss,Bouira,10
Mezdour,Bordj Okhriss,Bouira,10
Taguedite,Bordj Okhriss,Bouira,10
Ridane,Sour El Ghozlane,Bouira,10
Maamora,Sour El Ghozlane,Bouira,10
El-Hakimia,Sour El Ghozlane,Bouira,10
Ahl El Ksar,Bechloul,Bouira,10
Dirah,Sour El Ghozlane,Bouira,10
Dechmia,Sour El Ghozlane,Bouira,10
Bechloul,Bechloul,Bouira,10
Ath Mansour,M'chedallah,Bouira,10
Saharidj,M'chedallah,Bouira,10
El Adjiba,Bechloul,Bouira,10
El Asnam,Bechloul,Bouira,10
M Chedallah,M'chedallah,Bouira,10
Bordj Okhriss,Bordj Okhriss,Bouira,10
Sour El Ghozlane,Sour El Ghozlane,Bouira,10
Hanif,M'chedallah,Bouira,10
Chorfa,M'chedallah,Bouira,10
Ouled Rached,Bechloul,Bouira,10
Ain El Hadjar,Ain Bessem,Bouira,10
Aghbalou,M'chedallah,Bouira,10
Raouraoua,Bir Ghbalou,Bouira,10
El Khabouzia,Bir Ghbalou,Bouira,10
Bir Ghbalou,Bir Ghbalou,Bouira,10
Bouira,Bouira,Bouira,10
Ain Turk,Bouira,Bouira,10
Ait Laaziz,Bouira,Bouira,10
Ain-Bessem,Ain Bessem,Bouira,10
El-Mokrani,Souk El Khemis,Bouira,10
Souk El Khemis,Souk El Khemis,Bouira,10
Aomar,Kadiria,Bouira,10
Djebahia,Kadiria,Bouira,10
El Hachimia,El Hachimia,Bouira,10
Haizer,Haizer,Bouira,10
Taghzout,Haizer,Bouira,10
Bouderbala,Lakhdaria,Bouira,10
Boukram,Lakhdaria,Bouira,10
Guerrouma,Lakhdaria,Bouira,10
Lakhdaria,Lakhdaria,Bouira,10
Maala,Lakhdaria,Bouira,10
Kadiria,Kadiria,Bouira,10
Z'barbar (El Isseri ),Lakhdaria,Bouira,10
Oued El Berdi,El Hachimia,Bouira,10
Tazrouk,Tazrouk,Tamanrasset,11
Abelsa,Silet,Tamanrasset,11
Tamanrasset,Tamanrasset,Tamanrasset,11
Ain Amguel,Tamanrasset,Tamanrasset,11
Idles,Tazrouk,Tamanrasset,11
El-Houidjbet,El Malabiod,Tï¿½bessa,12
El-Aouinet,El Aouinet,Tï¿½bessa,12
Ferkane,Negrine,Tï¿½bessa,12
Negrine,Negrine,Tï¿½bessa,12
Bir Mokkadem,Bir Mokadem,Tï¿½bessa,12
Bir Dheheb,Morsott,Tï¿½bessa,12
Saf Saf El Ouesra,Oum Ali,Tï¿½bessa,12
Guorriguer,Bir Mokadem,Tï¿½bessa,12
Bekkaria,El Kouif,Tï¿½bessa,12
Boulhaf Dyr,El Kouif,Tï¿½bessa,12
Oum Ali,Oum Ali,Tï¿½bessa,12
Boukhadra,El Aouinet,Tï¿½bessa,12
El Malabiod,El Malabiod,Tï¿½bessa,12
Ouenza,Ouenza,Tï¿½bessa,12
El Meridj,Ouenza,Tï¿½bessa,12
Ain Zerga,Ouenza,Tï¿½bessa,12
Stah Guentis,El Ogla,Tï¿½bessa,12
El Ogla,El Ogla,Tï¿½bessa,12
El Mezeraa,El Ogla,Tï¿½bessa,12
Bedjene,El Ogla,Tï¿½bessa,12
Morsott,Morsott,Tï¿½bessa,12
Telidjen,Cheria,Tï¿½bessa,12
Cheria,Cheria,Tï¿½bessa,12
El Ogla El Malha,Bir El Ater,Tï¿½bessa,12
Bir-El-Ater,Bir El Ater,Tï¿½bessa,12
Tebessa,Tebessa,Tï¿½bessa,12
Hammamet,Bir Mokadem,Tï¿½bessa,12
El Kouif,El Kouif,Tï¿½bessa,12
Bab El Assa,Bab El Assa,Tlemcen,13
Terny Beni Hediel,Mansourah,Tlemcen,13
Mansourah,Mansourah,Tlemcen,13
Beni Mester,Mansourah,Tlemcen,13
Ain Ghoraba,Mansourah,Tlemcen,13
Chetouane,Chetouane,Tlemcen,13
Amieur,Chetouane,Tlemcen,13
Ain Fezza,Chetouane,Tlemcen,13
Honnaine,Honnaine,Tlemcen,13
Beni Khellad,Honnaine,Tlemcen,13
Sidi Djillali,Sidi Djillali,Tlemcen,13
Bouihi,Sidi Djillali,Tlemcen,13
Nedroma,Nedroma,Tlemcen,13
M'sirda Fouaga,Marsa Ben Mehdi,Tlemcen,13
Marsa Ben M'hidi,Marsa Ben Mehdi,Tlemcen,13
Sidi Medjahed,Beni Boussaid,Tlemcen,13
Beni Boussaid,Beni Boussaid,Tlemcen,13
Sebdou,Sebdou,Tlemcen,13
El Gor,Sebdou,Tlemcen,13
El Aricha,Sebdou,Tlemcen,13
Bouhlou,Sabra,Tlemcen,13
Maghnia,Maghnia,Tlemcen,13
Hammam Boughrara,Maghnia,Tlemcen,13
Zenata,Hennaya,Tlemcen,13
Ouled Riyah,Hennaya,Tlemcen,13
Hennaya,Hennaya,Tlemcen,13
Sidi Abdelli,Bensekrane,Tlemcen,13
Souk Tleta,Bab El Assa,Tlemcen,13
Bensekrane,Bensekrane,Tlemcen,13
Fellaoucene,Fellaoucene,Tlemcen,13
Ain Kebira,Fellaoucene,Tlemcen,13
Ain Fetah,Fellaoucene,Tlemcen,13
Tlemcen,Tlemcen,Tlemcen,13
Ain Nehala,Ain Tellout,Tlemcen,13
Ain Tellout,Ain Tellout,Tlemcen,13
Ain Youcef,Remchi,Tlemcen,13
Beni Ouarsous,Remchi,Tlemcen,13
El Fehoul,Remchi,Tlemcen,13
Remchi,Remchi,Tlemcen,13
Sebbaa Chioukh,Remchi,Tlemcen,13
Souani,Bab El Assa,Tlemcen,13
Sabra,Sabra,Tlemcen,13
Dar Yaghmoracen,Ghazaouet,Tlemcen,13
Ghazaouet,Ghazaouet,Tlemcen,13
Souahlia,Ghazaouet,Tlemcen,13
Tianet,Ghazaouet,Tlemcen,13
Beni Smiel,Ouled Mimoun,Tlemcen,13
Oued Lakhdar,Ouled Mimoun,Tlemcen,13
Ouled Mimoun,Ouled Mimoun,Tlemcen,13
Beni Bahdel,Beni Snous,Tlemcen,13
Beni Snous,Beni Snous,Tlemcen,13
Azail,Beni Snous,Tlemcen,13
Djebala,Nedroma,Tlemcen,13
Mahdia,Mahdia,Tiaret,14
Ain Dzarit,Mahdia,Tiaret,14
Sebaine,Mahdia,Tiaret,14
Faidja,Sougueur,Tiaret,14
Si Abdelghani,Sougueur,Tiaret,14
Sougueur,Sougueur,Tiaret,14
Tousnina,Sougueur,Tiaret,14
Meghila,Meghila,Tiaret,14
Sebt,Meghila,Tiaret,14
Sidi Hosni,Meghila,Tiaret,14
Ain El Hadid,Frenda,Tiaret,14
Frenda,Frenda,Tiaret,14
Takhemaret,Frenda,Tiaret,14
Ain Kermes,Ain Kermes,Tiaret,14
Djebilet Rosfa,Ain Kermes,Tiaret,14
Madna,Ain Kermes,Tiaret,14
Medrissa,Ain Kermes,Tiaret,14
Sidi Abderrahmane,Ain Kermes,Tiaret,14
Ksar Chellala,Ksar Chellala,Tiaret,14
Guertoufa,Rahouia,Tiaret,14
Serghine,Ksar Chellala,Tiaret,14
Zmalet El Emir Abdelkade,Ksar Chellala,Tiaret,14
Oued Lilli,Oued Lili,Tiaret,14
Sidi Ali Mellal,Oued Lili,Tiaret,14
Djillali Ben Amar,Mechraa Sfa,Tiaret,14
Mechraa Safa,Mechraa Sfa,Tiaret,14
Tagdempt,Mechraa Sfa,Tiaret,14
Bougara,Hamadia,Tiaret,14
Hamadia,Hamadia,Tiaret,14
Rechaiga,Hamadia,Tiaret,14
Tidda,Oued Lili,Tiaret,14
Nadorah,Mahdia,Tiaret,14
Tiaret,Tiaret,Tiaret,14
Medroussa,Medroussa,Tiaret,14
Mellakou,Medroussa,Tiaret,14
Sidi Bakhti,Medroussa,Tiaret,14
Ain Deheb,Ain Deheb,Tiaret,14
Chehaima,Ain Deheb,Tiaret,14
Naima,Ain Deheb,Tiaret,14
Ain Bouchekif,Dahmouni,Tiaret,14
Dahmouni,Dahmouni,Tiaret,14
Rahouia,Rahouia,Tiaret,14
Mizrana,Tigzirt,Tizi Ouzou,15
Idjeur,Bouzeguene,Tizi Ouzou,15
Beni-Douala,Beni Douala,Tizi Ouzou,15
Beni-Zikki,Bouzeguene,Tizi Ouzou,15
Illoula Oumalou,Bouzeguene,Tizi Ouzou,15
Agouni-Gueghrane,Ouadhias,Tizi Ouzou,15
Ait Bouaddou,Ouadhias,Tizi Ouzou,15
Ouadhias,Ouadhias,Tizi Ouzou,15
Tizi N'tleta,Ouadhias,Tizi Ouzou,15
Aghribs,Azeffoun,Tizi Ouzou,15
Ait-Chafaa,Azeffoun,Tizi Ouzou,15
Akerrou,Azeffoun,Tizi Ouzou,15
Azeffoun,Azeffoun,Tizi Ouzou,15
Iflissen,Tigzirt,Tizi Ouzou,15
Tigzirt,Tigzirt,Tizi Ouzou,15
Assi-Youcef,Boghni,Tizi Ouzou,15
Boghni,Boghni,Tizi Ouzou,15
Bounouh,Boghni,Tizi Ouzou,15
Mechtras,Boghni,Tizi Ouzou,15
Draa-Ben-Khedda,Draa Ben Khedda,Tizi Ouzou,15
Sidi Namane,Draa Ben Khedda,Tizi Ouzou,15
Tadmait,Draa Ben Khedda,Tizi Ouzou,15
Tirmitine,Draa Ben Khedda,Tizi Ouzou,15
Ait Boumahdi,Ouacif,Tizi Ouzou,15
Ait-Toudert,Ouacif,Tizi Ouzou,15
Beni-Aissi,Beni Douala,Tizi Ouzou,15
Ouacif,Ouacif,Tizi Ouzou,15
Ait Khellili,Mekla,Tizi Ouzou,15
Mekla,Mekla,Tizi Ouzou,15
Souama,Mekla,Tizi Ouzou,15
Beni-Yenni,Benni Yenni,Tizi Ouzou,15
Iboudrarene,Benni Yenni,Tizi Ouzou,15
Tizi-Ouzou,Tizi Ouzou,Tizi Ouzou,15
Abi-Youcef,Ain El Hammam,Tizi Ouzou,15
Ain-El-Hammam,Ain El Hammam,Tizi Ouzou,15
Ait-Yahia,Ain El Hammam,Tizi Ouzou,15
Akbil,Ain El Hammam,Tizi Ouzou,15
Boudjima,Makouda,Tizi Ouzou,15
Makouda,Makouda,Tizi Ouzou,15
Ain-Zaouia,Draa El Mizan,Tizi Ouzou,15
Ait Yahia Moussa,Draa El Mizan,Tizi Ouzou,15
Draa-El-Mizan,Draa El Mizan,Tizi Ouzou,15
Frikat,Draa El Mizan,Tizi Ouzou,15
M'kira,Tizi-Ghenif,Tizi Ouzou,15
Tizi-Gheniff,Tizi-Ghenif,Tizi Ouzou,15
Yatafene,Benni Yenni,Tizi Ouzou,15
Illilten,Iferhounene,Tizi Ouzou,15
Imsouhal,Iferhounene,Tizi Ouzou,15
Azazga,Azazga,Tizi Ouzou,15
Freha,Azazga,Tizi Ouzou,15
Ifigha,Azazga,Tizi Ouzou,15
Yakourene,Azazga,Tizi Ouzou,15
Zekri,Azazga,Tizi Ouzou,15
Ait Aggouacha,Larbaa Nath Iraten,Tizi Ouzou,15
Irdjen,Larbaa Nath Iraten,Tizi Ouzou,15
Larbaa Nath Irathen,Larbaa Nath Iraten,Tizi Ouzou,15
Ait-Oumalou,Tizi Rached,Tizi Ouzou,15
Tizi-Rached,Tizi Rached,Tizi Ouzou,15
Ait-Aissa-Mimoun,Ouaguenoun,Tizi Ouzou,15
Ouaguenoun,Ouaguenoun,Tizi Ouzou,15
Timizart,Ouaguenoun,Tizi Ouzou,15
Maatkas,Maatkas,Tizi Ouzou,15
Souk-El-Tenine,Maatkas,Tizi Ouzou,15
Ait-Mahmoud,Beni Douala,Tizi Ouzou,15
Beni Zmenzer,Beni Douala,Tizi Ouzou,15
Iferhounene,Iferhounene,Tizi Ouzou,15
Bouzeguene,Bouzeguene,Tizi Ouzou,15
Hussein Dey,Hussein Dey,Alger,16
Les Eucalyptus,Baraki,Alger,16
Sidi Moussa,Baraki,Alger,16
Kouba,Hussein Dey,Alger,16
Mohamed Belouzdad,Hussein Dey,Alger,16
Ain Taya,Dar El Beida,Alger,16
Bab Ezzouar,Dar El Beida,Alger,16
Bordj El Kiffan,Dar El Beida,Alger,16
Dar El Beida,Dar El Beida,Alger,16
El Marsa,Dar El Beida,Alger,16
Mohammadia,Dar El Beida,Alger,16
Bir Touta,Birtouta,Alger,16
Ouled Chebel,Birtouta,Alger,16
Tessala El Merdja,Birtouta,Alger,16
Herraoua,Rouiba,Alger,16
Reghaia,Rouiba,Alger,16
Rouiba,Rouiba,Alger,16
Maalma,Zeralda,Alger,16
Rahmania,Zeralda,Alger,16
Souidania,Zeralda,Alger,16
Staoueli,Zeralda,Alger,16
Zeralda,Zeralda,Alger,16
Baba Hassen,Draria,Alger,16
Douira,Draria,Alger,16
Draria,Draria,Alger,16
El Achour,Draria,Alger,16
Khraissia,Draria,Alger,16
Ain Benian,Cheraga,Alger,16
Cheraga,Cheraga,Alger,16
Dely Ibrahim,Cheraga,Alger,16
Hammamet,Cheraga,Alger,16
Ouled Fayet,Cheraga,Alger,16
Alger Centre,Sidi M'hamed,Alger,16
El Madania,Sidi M'hamed,Alger,16
El Mouradia,Sidi M'hamed,Alger,16
Sidi M'hamed,Sidi M'hamed,Alger,16
Sehaoula,Bir Mourad Rais,Alger,16
Bologhine Ibnou Ziri,Bab El Oued,Alger,16
Casbah,Bab El Oued,Alger,16
Oued Koriche,Bab El Oued,Alger,16
Rais Hamidou,Bab El Oued,Alger,16
Bir Mourad Rais,Bir Mourad Rais,Alger,16
Birkhadem,Bir Mourad Rais,Alger,16
Djasr Kasentina,Bir Mourad Rais,Alger,16
Hydra,Bir Mourad Rais,Alger,16
El Magharia,Hussein Dey,Alger,16
Ben Aknoun,Bouzareah,Alger,16
Beni Messous,Bouzareah,Alger,16
Bouzareah,Bouzareah,Alger,16
El Biar,Bouzareah,Alger,16
Bachedjerah,El Harrach,Alger,16
Bourouba,El Harrach,Alger,16
El Harrach,El Harrach,Alger,16
Oued Smar,El Harrach,Alger,16
Baraki,Baraki,Alger,16
Bordj El Bahri,Dar El Beida,Alger,16
Bab El Oued,Bab El Oued,Alger,16
Hassi El Euch,Hassi Bahbah,Djelfa,17
Ain El Ibel,Ain El Ibel,Djelfa,17
El Guedid,Charef,Djelfa,17
Charef,Charef,Djelfa,17
Benyagoub,Charef,Djelfa,17
Sidi Baizid,Dar Chioukh,Djelfa,17
M'liliha,Dar Chioukh,Djelfa,17
Dar Chioukh,Dar Chioukh,Djelfa,17
Taadmit,Ain El Ibel,Djelfa,17
Had Sahary,Had Sahary,Djelfa,17
Bouira Lahdab,Had Sahary,Djelfa,17
Ain Fekka,Had Sahary,Djelfa,17
Sidi Laadjel,Sidi Laadjel,Djelfa,17
Hassi Fedoul,Sidi Laadjel,Djelfa,17
El Khemis,Sidi Laadjel,Djelfa,17
Selmana,Messaad,Djelfa,17
Sed Rahal,Messaad,Djelfa,17
Messaad,Messaad,Djelfa,17
Guettara,Messaad,Djelfa,17
Deldoul,Messaad,Djelfa,17
Zaccar,Ain El Ibel,Djelfa,17
Douis,El Idrissia,Djelfa,17
El Idrissia,El Idrissia,Djelfa,17
Ain Chouhada,El Idrissia,Djelfa,17
Djelfa,Djelfa,Djelfa,17
Birine,Birine,Djelfa,17
Oum Laadham,Faidh El Botma,Djelfa,17
Faidh El Botma,Faidh El Botma,Djelfa,17
Amourah,Faidh El Botma,Djelfa,17
Zaafrane,Hassi Bahbah,Djelfa,17
Guernini,Ain Oussera,Djelfa,17
Ain Oussera,Ain Oussera,Djelfa,17
Benhar,Birine,Djelfa,17
Ain Maabed,Hassi Bahbah,Djelfa,17
Hassi Bahbah,Hassi Bahbah,Djelfa,17
Moudjebara,Ain El Ibel,Djelfa,17
Jijel,Jijel,Jijel,18
El Aouana,El Aouana,Jijel,18
Selma Benziada,El Aouana,Jijel,18
Erraguene Souissi,Ziamah Mansouriah,Jijel,18
Boussif Ouled Askeur,Taher,Jijel,18
Ziama Mansouriah,Ziamah Mansouriah,Jijel,18
Chahna,Taher,Jijel,18
Emir Abdelkader,Taher,Jijel,18
Oudjana,Taher,Jijel,18
Taher,Taher,Jijel,18
Chekfa,Chekfa,Jijel,18
El Kennar Nouchfi,Chekfa,Jijel,18
Sidi Abdelaziz,Chekfa,Jijel,18
El Milia,El Milia,Jijel,18
Ouled Yahia Khadrouch,El Milia,Jijel,18
Ouled Rabah,Sidi Marouf,Jijel,18
Sidi Marouf,Sidi Marouf,Jijel,18
Ghebala,Settara,Jijel,18
Settara,Settara,Jijel,18
Bouraoui Belhadef,El Ancer,Jijel,18
El Ancer,El Ancer,Jijel,18
Khiri Oued Adjoul,El Ancer,Jijel,18
Djimla,Djimla,Jijel,18
Kaous,Texenna,Jijel,18
Texenna,Texenna,Jijel,18
Bordj T'har,Chekfa,Jijel,18
Boudria Beniyadjis,Djimla,Jijel,18
Djemaa Beni Habibi,El Ancer,Jijel,18
Rosfa,Salah Bey,Sï¿½tif,19
Oued El Bared,Amoucha,Sï¿½tif,19
Tizi N'bechar,Amoucha,Sï¿½tif,19
Mezloug,Ain Arnat,Sï¿½tif,19
Guellal,Ain Oulmene,Sï¿½tif,19
Kasr El Abtal,Ain Oulmene,Sï¿½tif,19
Ouled Si Ahmed,Ain Oulmene,Sï¿½tif,19
Ait Naoual Mezada,Bouandas,Sï¿½tif,19
Ait-Tizi,Bouandas,Sï¿½tif,19
Bouandas,Bouandas,Sï¿½tif,19
Bousselam,Bouandas,Sï¿½tif,19
Hamam Soukhna,Hammam Sokhna,Sï¿½tif,19
Taya,Hammam Sokhna,Sï¿½tif,19
Tella,Hammam Sokhna,Sï¿½tif,19
Ain Oulmene,Ain Oulmene,Sï¿½tif,19
Boutaleb,Salah Bey,Sï¿½tif,19
Hamma,Salah Bey,Sï¿½tif,19
Ouled Tebben,Salah Bey,Sï¿½tif,19
Amoucha,Amoucha,Sï¿½tif,19
Salah Bey,Salah Bey,Sï¿½tif,19
Ain Azel,Ain Azel,Sï¿½tif,19
Ain Lahdjar,Ain Azel,Sï¿½tif,19
Beidha Bordj,Ain Azel,Sï¿½tif,19
Bir Haddada,Ain Azel,Sï¿½tif,19
Guenzet,Guenzet,Sï¿½tif,19
Harbil,Guenzet,Sï¿½tif,19
Ain-Roua,Bougaa,Sï¿½tif,19
Beni Oussine,Bougaa,Sï¿½tif,19
El Ouricia,Ain Arnat,Sï¿½tif,19
Bougaa,Bougaa,Sï¿½tif,19
Draa-Kebila,Hammam Guergour,Sï¿½tif,19
Hammam Guergour,Hammam Guergour,Sï¿½tif,19
Setif,Setif,Sï¿½tif,19
Ain El Kebira,Ain El Kebira,Sï¿½tif,19
Dehamcha,Ain El Kebira,Sï¿½tif,19
Ouled Addouane,Ain El Kebira,Sï¿½tif,19
Ain-Sebt,Beni Aziz,Sï¿½tif,19
Beni-Aziz,Beni Aziz,Sï¿½tif,19
Maaouia,Beni Aziz,Sï¿½tif,19
Bellaa,Bir El Arch,Sï¿½tif,19
Bir-El-Arch,Bir El Arch,Sï¿½tif,19
El-Ouldja,Bir El Arch,Sï¿½tif,19
Tachouda,Bir El Arch,Sï¿½tif,19
Tala-Ifacene,Maoklane,Sï¿½tif,19
Serdj-El-Ghoul,Babor,Sï¿½tif,19
Guidjel,Guidjel,Sï¿½tif,19
Ouled Sabor,Guidjel,Sï¿½tif,19
Bazer-Sakra,El Eulma,Sï¿½tif,19
El Eulma,El Eulma,Sï¿½tif,19
Guelta Zerka,El Eulma,Sï¿½tif,19
Beni Fouda,Djemila,Sï¿½tif,19
Djemila,Djemila,Sï¿½tif,19
Ain-Legradj,Beni Ourtilane,Sï¿½tif,19
Beni Chebana,Beni Ourtilane,Sï¿½tif,19
Beni Ourtilane,Beni Ourtilane,Sï¿½tif,19
Beni-Mouhli,Beni Ourtilane,Sï¿½tif,19
Ain Abessa,Ain Arnat,Sï¿½tif,19
Ain Arnat,Ain Arnat,Sï¿½tif,19
Babor,Babor,Sï¿½tif,19
Maouaklane,Maoklane,Sï¿½tif,19
Saida,Saida,Saï¿½da,20
Tircine,Ouled Brahim,Saï¿½da,20
Ouled Brahim,Ouled Brahim,Saï¿½da,20
Ain Soltane,Ouled Brahim,Saï¿½da,20
Maamora,El Hassasna,Saï¿½da,20
El Hassasna,El Hassasna,Saï¿½da,20
Ain Sekhouna,El Hassasna,Saï¿½da,20
Sidi Boubekeur,Sidi Boubekeur,Saï¿½da,20
Ouled Khaled,Sidi Boubekeur,Saï¿½da,20
Hounet,Sidi Boubekeur,Saï¿½da,20
Youb,Youb,Saï¿½da,20
Doui Thabet,Youb,Saï¿½da,20
Sidi Ahmed,Ain El Hadjar,Saï¿½da,20
Moulay Larbi,Ain El Hadjar,Saï¿½da,20
Ain El Hadjar,Ain El Hadjar,Saï¿½da,20
Sidi Amar,Sidi Boubekeur,Saï¿½da,20
Ain Bouziane,Sidi Mezghiche,Skikda,21
Salah Bouchaour,El Harrouch,Skikda,21
El Hadaiek,El Hadaiek,Skikda,21
Zerdezas,El Harrouch,Skikda,21
Ouled Habbaba,El Harrouch,Skikda,21
Beni Oulbane,Sidi Mezghiche,Skikda,21
Sidi Mezghiche,Sidi Mezghiche,Skikda,21
Beni Bechir,Ramdane Djamel,Skikda,21
Ramdane Djamel,Ramdane Djamel,Skikda,21
Bin El Ouiden,Tamalous,Skikda,21
Emjez Edchich,El Harrouch,Skikda,21
Tamalous,Tamalous,Skikda,21
Ain Kechra,Ain Kechra,Skikda,21
Ouldja Boulbalout,Ain Kechra,Skikda,21
Oum Toub,Oum Toub,Skikda,21
El Ghedir,Azzaba,Skikda,21
Kerkara,Tamalous,Skikda,21
El Arrouch,El Harrouch,Skikda,21
Zitouna,Zitouna,Skikda,21
Ouled Attia,Ouled Attia,Skikda,21
Oued Zhour,Ouled Attia,Skikda,21
Collo,Collo,Skikda,21
Cheraia,Collo,Skikda,21
Beni Zid,Collo,Skikda,21
Khenag Maoune,Ouled Attia,Skikda,21
El Marsa,Ben Azzouz,Skikda,21
Ben Azzouz,Ben Azzouz,Skikda,21
Bekkouche Lakhdar,Ben Azzouz,Skikda,21
Es Sebt,Azzaba,Skikda,21
Ain Charchar,Azzaba,Skikda,21
Azzaba,Azzaba,Skikda,21
Bouchetata,El Hadaiek,Skikda,21
Filfila,Skikda,Skikda,21
Hammadi Krouma,Skikda,Skikda,21
Skikda,Skikda,Skikda,21
Ain Zouit,El Hadaiek,Skikda,21
Djendel Saadi Mohamed,Azzaba,Skikda,21
Kanoua,Zitouna,Skikda,21
Sidi Ali Benyoub,Sidi Ali Ben Youb,Sidi Bel Abbï¿½s,22
Moulay Slissen,Moulay Slissen,Sidi Bel Abbï¿½s,22
El Hacaiba,Moulay Slissen,Sidi Bel Abbï¿½s,22
Ain Tindamine,Moulay Slissen,Sidi Bel Abbï¿½s,22
Tenira,Tenira,Sidi Bel Abbï¿½s,22
Oued Sefioun,Tenira,Sidi Bel Abbï¿½s,22
Hassi Dahou,Tenira,Sidi Bel Abbï¿½s,22
Oued Taourira,Merine,Sidi Bel Abbï¿½s,22
Benachiba Chelia,Tenira,Sidi Bel Abbï¿½s,22
Sidi Yacoub,Sidi Lahcene,Sidi Bel Abbï¿½s,22
Sidi Lahcene,Sidi Lahcene,Sidi Bel Abbï¿½s,22
Sidi Khaled,Sidi Lahcene,Sidi Bel Abbï¿½s,22
Tabia,Sidi Ali Ben Youb,Sidi Bel Abbï¿½s,22
Sidi Brahim,Ain El Berd,Sidi Bel Abbï¿½s,22
Amarnas,Sidi Lahcene,Sidi Bel Abbï¿½s,22
Boukhanefis,Sidi Ali Ben Youb,Sidi Bel Abbï¿½s,22
Hassi Zahana,Ben Badis,Sidi Bel Abbï¿½s,22
Chetouane Belaila,Ben Badis,Sidi Bel Abbï¿½s,22
Ben Badis,Ben Badis,Sidi Bel Abbï¿½s,22
Bedrabine El Mokrani,Ben Badis,Sidi Bel Abbï¿½s,22
Sfisef,Sfisef,Sidi Bel Abbï¿½s,22
M'cid,Sfisef,Sidi Bel Abbï¿½s,22
Boudjebaa El Bordj,Sfisef,Sidi Bel Abbï¿½s,22
Ain- Adden,Sfisef,Sidi Bel Abbï¿½s,22
Sidi Hamadouche,Ain El Berd,Sidi Bel Abbï¿½s,22
Sidi Chaib,Marhoum,Sidi Bel Abbï¿½s,22
Makedra,Ain El Berd,Sidi Bel Abbï¿½s,22
Ain El Berd,Ain El Berd,Sidi Bel Abbï¿½s,22
Redjem Demouche,Ras El Ma,Sidi Bel Abbï¿½s,22
Ras El Ma,Ras El Ma,Sidi Bel Abbï¿½s,22
Oued Sebaa,Ras El Ma,Sidi Bel Abbï¿½s,22
Marhoum,Marhoum,Sidi Bel Abbï¿½s,22
Sidi Bel-Abbes,Sidi Bel Abbes,Sidi Bel Abbï¿½s,22
Ain Thrid,Tessala,Sidi Bel Abbï¿½s,22
Sehala Thaoura,Tessala,Sidi Bel Abbï¿½s,22
Tessala,Tessala,Sidi Bel Abbï¿½s,22
Belarbi,Mostefa  Ben Brahim,Sidi Bel Abbï¿½s,22
Mostefa  Ben Brahim,Mostefa  Ben Brahim,Sidi Bel Abbï¿½s,22
Tilmouni,Mostefa  Ben Brahim,Sidi Bel Abbï¿½s,22
Zerouala,Mostefa  Ben Brahim,Sidi Bel Abbï¿½s,22
Dhaya,Telagh,Sidi Bel Abbï¿½s,22
Mezaourou,Telagh,Sidi Bel Abbï¿½s,22
Teghalimet,Telagh,Sidi Bel Abbï¿½s,22
Telagh,Telagh,Sidi Bel Abbï¿½s,22
Ain Kada,Sidi Ali Boussidi,Sidi Bel Abbï¿½s,22
Lamtar,Sidi Ali Boussidi,Sidi Bel Abbï¿½s,22
Sidi Ali Boussidi,Sidi Ali Boussidi,Sidi Bel Abbï¿½s,22
Sidi Dahou Zairs,Sidi Ali Boussidi,Sidi Bel Abbï¿½s,22
Bir El Hammam,Marhoum,Sidi Bel Abbï¿½s,22
Merine,Merine,Sidi Bel Abbï¿½s,22
Tefessour,Merine,Sidi Bel Abbï¿½s,22
Taoudmout,Merine,Sidi Bel Abbï¿½s,22
Annaba,Annaba,Annaba,23
Seraidi,Annaba,Annaba,23
Berrahal,Berrahal,Annaba,23
Oued El Aneb,Berrahal,Annaba,23
El Hadjar,El Hadjar,Annaba,23
Sidi Amar,El Hadjar,Annaba,23
El Bouni,El Bouni,Annaba,23
Ain El Berda,Ain El Berda,Annaba,23
Cheurfa,Ain El Berda,Annaba,23
El Eulma,Ain El Berda,Annaba,23
Treat,Berrahal,Annaba,23
Chetaibi,Chetaibi,Annaba,23
Nechmaya,Guelaat Bousbaa,Guelma,24
Bou Hamdane,Hammam Debagh,Guelma,24
Hammam Debagh,Hammam Debagh,Guelma,24
Roknia,Hammam Debagh,Guelma,24
Dahouara,Hammam N'bails,Guelma,24
Hammam N'bail,Hammam N'bails,Guelma,24
Guelma,Guelma,Guelma,24
Boumahra Ahmed,Guelaat Bousbaa,Guelma,24
Ain Ben Beida,Bouchegouf,Guelma,24
Bouchegouf,Bouchegouf,Guelma,24
Medjez Sfa,Bouchegouf,Guelma,24
Oued Ferragha,Bouchegouf,Guelma,24
Bouati Mahmoud,Heliopolis,Guelma,24
El Fedjoudj,Heliopolis,Guelma,24
Heliopolis,Heliopolis,Guelma,24
Medjez Amar,Ain Hessainia,Guelma,24
Houari Boumedienne,Ain Hessainia,Guelma,24
Ras El Agba,Ain Hessainia,Guelma,24
Sellaoua Announa,Ain Hessainia,Guelma,24
Djeballah Khemissi,Guelaat Bousbaa,Guelma,24
Bordj Sabath,Oued Zenati,Guelma,24
Oued Zenati,Oued Zenati,Guelma,24
Ain Regada,Oued Zenati,Guelma,24
Ain Larbi,Ain Makhlouf,Guelma,24
Ain Makhlouf,Ain Makhlouf,Guelma,24
Tamlouka,Ain Makhlouf,Guelma,24
Ain Sandel,Khezaras,Guelma,24
Bou Hachana,Khezaras,Guelma,24
Khezaras,Khezaras,Guelma,24
Belkheir,Guelaat Bousbaa,Guelma,24
Beni Mezline,Guelaat Bousbaa,Guelma,24
Guelaat Bou Sbaa,Guelaat Bousbaa,Guelma,24
Oued Cheham,Hammam N'bails,Guelma,24
Bendjarah,Guelma,Guelma,24
Didouche Mourad,Hamma Bouziane,Constantine,25
Hamma Bouziane,Hamma Bouziane,Constantine,25
Beni Hamidane,Zighoud Youcef,Constantine,25
Zighoud Youcef,Zighoud Youcef,Constantine,25
Ain Smara,El Khroub,Constantine,25
El Khroub,El Khroub,Constantine,25
Ouled Rahmoun,El Khroub,Constantine,25
Ain Abid,Ain Abid,Constantine,25
Ben Badis,Ain Abid,Constantine,25
Ibn Ziad,Ibn Ziad,Constantine,25
Messaoud Boudjeriou,Ibn Ziad,Constantine,25
Constantine,Constantine,Constantine,25
Ouled Hellal,Ouled Antar,Mï¿½dï¿½a,26
Souagui,Souaghi,Mï¿½dï¿½a,26
Ksar El Boukhari,Ksar El Boukhari,Mï¿½dï¿½a,26
M'fatha,Ksar El Boukhari,Mï¿½dï¿½a,26
Saneg,Ksar El Boukhari,Mï¿½dï¿½a,26
El Azizia,El Azizia,Mï¿½dï¿½a,26
Maghraoua,El Azizia,Mï¿½dï¿½a,26
Mihoub,El Azizia,Mï¿½dï¿½a,26
Bouaiche,Chahbounia,Mï¿½dï¿½a,26
Boughzoul,Chahbounia,Mï¿½dï¿½a,26
Chabounia,Chahbounia,Mï¿½dï¿½a,26
Hannacha,Ouamri,Mï¿½dï¿½a,26
Ouamri,Ouamri,Mï¿½dï¿½a,26
Oued Harbil,Ouamri,Mï¿½dï¿½a,26
Beni Slimane,Beni Slimane,Mï¿½dï¿½a,26
Bouaichoune,Si Mahdjoub,Mï¿½dï¿½a,26
Ouled Bouachra,Si Mahdjoub,Mï¿½dï¿½a,26
Si Mahdjoub,Si Mahdjoub,Mï¿½dï¿½a,26
Bouskene,Beni Slimane,Mï¿½dï¿½a,26
Sidi Rabie,Beni Slimane,Mï¿½dï¿½a,26
Berrouaghia,Berrouaghia,Mï¿½dï¿½a,26
Ouled Deid,Berrouaghia,Mï¿½dï¿½a,26
Rebaia,Berrouaghia,Mï¿½dï¿½a,26
Medjebar,Seghouane,Mï¿½dï¿½a,26
Tletat Ed Douair,Seghouane,Mï¿½dï¿½a,26
Zoubiria,Seghouane,Mï¿½dï¿½a,26
Aissaouia,Tablat,Mï¿½dï¿½a,26
El Haoudane,Tablat,Mï¿½dï¿½a,26
Mezerana,Tablat,Mï¿½dï¿½a,26
Tablat,Tablat,Mï¿½dï¿½a,26
Boghar,Ouled Antar,Mï¿½dï¿½a,26
Seghouane,Seghouane,Mï¿½dï¿½a,26
Draa Esmar,Medea,Mï¿½dï¿½a,26
Medea,Medea,Mï¿½dï¿½a,26
Tamesguida,Medea,Mï¿½dï¿½a,26
Ben Chicao,Ouzera,Mï¿½dï¿½a,26
El Hamdania,Ouzera,Mï¿½dï¿½a,26
Ouzera,Ouzera,Mï¿½dï¿½a,26
Tizi Mahdi,Ouzera,Mï¿½dï¿½a,26
Ain Boucif,Ain Boucif,Mï¿½dï¿½a,26
El Ouinet,Ain Boucif,Mï¿½dï¿½a,26
Kef Lakhdar,Ain Boucif,Mï¿½dï¿½a,26
Ouled Emaaraf,Ain Boucif,Mï¿½dï¿½a,26
Sidi Demed,Ain Boucif,Mï¿½dï¿½a,26
Baata,El Omaria,Mï¿½dï¿½a,26
El Omaria,El Omaria,Mï¿½dï¿½a,26
Ouled Brahim,El Omaria,Mï¿½dï¿½a,26
Bir Ben Laabed,Guelb El Kebir,Mï¿½dï¿½a,26
El Guelbelkebir,Guelb El Kebir,Mï¿½dï¿½a,26
Sedraya,Guelb El Kebir,Mï¿½dï¿½a,26
Ain Ouksir,Chellalat El Adhaoura,Mï¿½dï¿½a,26
Chelalet El Adhaoura,Chellalat El Adhaoura,Mï¿½dï¿½a,26
Cheniguel,Chellalat El Adhaoura,Mï¿½dï¿½a,26
Tafraout,Chellalat El Adhaoura,Mï¿½dï¿½a,26
Bouchrahil,Sidi Naamane,Mï¿½dï¿½a,26
Khams Djouamaa,Sidi Naamane,Mï¿½dï¿½a,26
Sidi Naamane,Sidi Naamane,Mï¿½dï¿½a,26
Aziz,Aziz,Mï¿½dï¿½a,26
Derrag,Aziz,Mï¿½dï¿½a,26
Oum El Djellil,Aziz,Mï¿½dï¿½a,26
Djouab,Souaghi,Mï¿½dï¿½a,26
Sidi Zahar,Souaghi,Mï¿½dï¿½a,26
Sidi Ziane,Souaghi,Mï¿½dï¿½a,26
Ouled Antar,Ouled Antar,Mï¿½dï¿½a,26
Fornaka,Ain Nouicy,Mostaganem,27
Oued El Kheir,Ain Tedeles,Mostaganem,27
Hassiane,Ain Nouicy,Mostaganem,27
Hassi Mameche,Hassi Mameche,Mostaganem,27
Mazagran,Hassi Mameche,Mostaganem,27
Stidia,Hassi Mameche,Mostaganem,27
Ain-Tedles,Ain Tedeles,Mostaganem,27
Sidi Belaattar,Ain Tedeles,Mostaganem,27
Sour,Ain Tedeles,Mostaganem,27
Ain-Boudinar,Kheir Eddine,Mostaganem,27
Kheir-Eddine,Kheir Eddine,Mostaganem,27
Sayada,Kheir Eddine,Mostaganem,27
Sidi Ali,Sidi Ali,Mostaganem,27
Tazgait,Sidi Ali,Mostaganem,27
Benabdelmalek Ramdane,Sidi Lakhdar,Mostaganem,27
Mostaganem,Mostaganem,Mostaganem,27
Hadjadj,Sidi Lakhdar,Mostaganem,27
Sidi-Lakhdar,Sidi Lakhdar,Mostaganem,27
Achaacha,Achaacha,Mostaganem,27
Khadra,Achaacha,Mostaganem,27
Nekmaria,Achaacha,Mostaganem,27
Ouled Boughalem,Achaacha,Mostaganem,27
Bouguirat,Bouguirat,Mostaganem,27
Safsaf,Bouguirat,Mostaganem,27
Sirat,Bouguirat,Mostaganem,27
Souaflia,Bouguirat,Mostaganem,27
Ain-Sidi Cherif,Mesra,Mostaganem,27
Mansourah,Mesra,Mostaganem,27
Mesra,Mesra,Mostaganem,27
Touahria,Mesra,Mostaganem,27
Ain-Nouissy,Ain Nouicy,Mostaganem,27
Ouled-Maalah,Sidi Ali,Mostaganem,27
Chellal,Chellal,M'Sila,28
Ouled Madhi,Chellal,M'Sila,28
Khettouti Sed-El-Jir,Chellal,M'Sila,28
Belaiba,Magra,M'Sila,28
Berhoum,Magra,M'Sila,28
Dehahna,Magra,M'Sila,28
Magra,Magra,M'Sila,28
Beni Ilmane,Sidi Aissa,M'Sila,28
Bouti Sayeh,Sidi Aissa,M'Sila,28
Sidi Aissa,Sidi Aissa,M'Sila,28
Ain El Hadjel,Ain El Hadjel,M'Sila,28
Sidi Hadjeres,Ain El Hadjel,M'Sila,28
Bou Saada,Bousaada,M'Sila,28
El Hamel,Bousaada,M'Sila,28
Oulteme,Bousaada,M'Sila,28
Benzouh,Ouled Sidi Brahim,M'Sila,28
Ouled Sidi Brahim,Ouled Sidi Brahim,M'Sila,28
Sidi Ameur,Sidi Ameur,M'Sila,28
Tamsa,Sidi Ameur,M'Sila,28
Ben Srour,Ben Srour,M'Sila,28
Mohamed Boudiaf,Ben Srour,M'Sila,28
Ouled Slimane,Ben Srour,M'Sila,28
Zarzour,Ben Srour,M'Sila,28
Ain El Melh,Ain El Melh,M'Sila,28
Ain Fares,Ain El Melh,M'Sila,28
Ain Rich,Ain El Melh,M'Sila,28
Bir Foda,Ain El Melh,M'Sila,28
Sidi M'hamed,Ain El Melh,M'Sila,28
Medjedel,Medjedel,M'Sila,28
Menaa,Medjedel,M'Sila,28
Djebel Messaad,Djebel Messaad,M'Sila,28
Slim,Djebel Messaad,M'Sila,28
M'sila,M'sila,M'Sila,28
Hammam Dalaa,Hammam Dalaa,M'Sila,28
Ouanougha,Hammam Dalaa,M'Sila,28
Ouled Mansour,Hammam Dalaa,M'Sila,28
Tarmount,Hammam Dalaa,M'Sila,28
Maadid,Ouled Derradj,M'Sila,28
M'tarfa,Ouled Derradj,M'Sila,28
Maarif,Chellal,M'Sila,28
Ouled Derradj,Ouled Derradj,M'Sila,28
Souamaa,Ouled Derradj,M'Sila,28
El Houamed,Khoubana,M'Sila,28
Khoubana,Khoubana,M'Sila,28
M'cif,Khoubana,M'Sila,28
Ain Khadra,Magra,M'Sila,28
Ouled Addi Guebala,Ouled Derradj,M'Sila,28
Oued El Abtal,Oued El Abtal,Mascara,29
Sidi Abdelmoumene,Mohammadia,Mascara,29
Sedjerara,Mohammadia,Mascara,29
Mohammadia,Mohammadia,Mascara,29
Tighennif,Tighennif,Mascara,29
Mocta-Douz,Mohammadia,Mascara,29
Ferraguig,Mohammadia,Mascara,29
El Ghomri,Mohammadia,Mascara,29
Zahana,Zahana,Mascara,29
El Gaada,Zahana,Mascara,29
Ras El Ain Amirouche,Oggaz,Mascara,29
Oggaz,Oggaz,Mascara,29
Alaimia,Oggaz,Mascara,29
Sig,Sig,Mascara,29
Chorfa,Sig,Mascara,29
Bou Henni,Sig,Mascara,29
El Mamounia,Ain Fares,Mascara,29
El Gueitena,Bouhanifia,Mascara,29
Ain Fares,Ain Fares,Mascara,29
Gharrous,Aouf,Mascara,29
Benian,Aouf,Mascara,29
Aouf,Aouf,Mascara,29
Guerdjoum,Oued Taria,Mascara,29
Ain Frass,Ain Fekan,Mascara,29
Ain Fekan,Ain Fekan,Mascara,29
Khalouia,El Bordj,Mascara,29
El Menaouer,El Bordj,Mascara,29
El Bordj,El Bordj,Mascara,29
Sidi Boussaid,Ghriss,Mascara,29
Matemore,Ghriss,Mascara,29
Sidi Kada,Tighennif,Mascara,29
Makhda,Ghriss,Mascara,29
Mascara,Mascara,Mascara,29
Bouhanifia,Bouhanifia,Mascara,29
Ghriss,Ghriss,Mascara,29
Hacine,Bouhanifia,Mascara,29
El Keurt,Tizi,Mascara,29
Froha,Tizi,Mascara,29
Tizi,Tizi,Mascara,29
Sehailia,Tighennif,Mascara,29
Maoussa,Ghriss,Mascara,29
Sidi Abdeldjebar,Oued El Abtal,Mascara,29
El Hachem,Hachem,Mascara,29
Nesmot,Hachem,Mascara,29
Zelamta,Hachem,Mascara,29
Ain Ferah,Oued El Abtal,Mascara,29
Oued Taria,Oued Taria,Mascara,29
Ouargla,Ouargla,Ouargla,30
Hassi Messaoud,Hassi Messaoud,Ouargla,30
Ain Beida,Sidi Khouiled,Ouargla,30
Hassi Ben Abdellah,Sidi Khouiled,Ouargla,30
Sidi Khouiled,Sidi Khouiled,Ouargla,30
El Borma,El Borma,Ouargla,30
Rouissat,Ouargla,Ouargla,30
N'goussa,N'goussa,Ouargla,30
Sidi Chami,Es Senia,Oran,31
Hassi Mefsoukh,Gdyel,Oran,31
Bir El Djir,Bir El Djir,Oran,31
Hassi Ben Okba,Bir El Djir,Oran,31
Gdyel,Gdyel,Oran,31
Hassi Bounif,Bir El Djir,Oran,31
El Kerma,Es Senia,Oran,31
Es Senia,Es Senia,Oran,31
Ben Freha,Gdyel,Oran,31
Arzew,Arzew,Oran,31
Sidi Ben Yebka,Arzew,Oran,31
Ain Biya,Bethioua,Oran,31
Bethioua,Bethioua,Oran,31
Marsat El Hadjadj,Bethioua,Oran,31
Ain Turk,Ain Turk,Oran,31
Oran,Oran,Oran,31
El Ancor,Ain Turk,Oran,31
Mers El Kebir,Ain Turk,Oran,31
Boufatis,Oued Tlelat,Oran,31
El Braya,Oued Tlelat,Oran,31
Oued Tlelat,Oued Tlelat,Oran,31
Ain Kerma,Boutlelis,Oran,31
Boutlelis,Boutlelis,Oran,31
Messerghin,Boutlelis,Oran,31
Bousfer,Ain Turk,Oran,31
Tafraoui,Oued Tlelat,Oran,31
Ain El Orak,Labiodh Sidi Cheikh,El Bayadh,32
Krakda,Brezina,El Bayadh,32
Sidi Slimane,Boualem,El Bayadh,32
Sidi Ameur,Boualem,El Bayadh,32
Boualem,Boualem,El Bayadh,32
El Bnoud,Labiodh Sidi Cheikh,El Bayadh,32
Bougtoub,Bougtoub,El Bayadh,32
El Kheiter,Bougtoub,El Bayadh,32
Tousmouline,Bougtoub,El Bayadh,32
Sidi Tiffour,Boualem,El Bayadh,32
Stitten,Boualem,El Bayadh,32
El Bayadh,El Bayadh,El Bayadh,32
Rogassa,Rogassa,El Bayadh,32
El Mehara,Chellala,El Bayadh,32
Kef El Ahmar,Rogassa,El Bayadh,32
Brezina,Brezina,El Bayadh,32
Ghassoul,Brezina,El Bayadh,32
Labiodh Sidi Cheikh,Labiodh Sidi Cheikh,El Bayadh,32
Boussemghoun,Boussemghoun,El Bayadh,32
Cheguig,Rogassa,El Bayadh,32
Chellala,Chellala,El Bayadh,32
Arbaouat,Labiodh Sidi Cheikh,El Bayadh,32
Bordj Omar Driss,In Amenas,Illizi,33
Debdeb,In Amenas,Illizi,33
In Amenas,In Amenas,Illizi,33
Illizi,Illizi,Illizi,33
Elhammadia,El Hamadia,Bordj Bou Arreridj,34
Ouled Sidi-Brahim,Mansourah,Bordj Bou Arreridj,34
Ain Taghrout,Ain Taghrout,Bordj Bou Arreridj,34
Tixter,Ain Taghrout,Bordj Bou Arreridj,34
Belimour,Bordj Ghedir,Bordj Bou Arreridj,34
El Annasseur,Bordj Ghedir,Bordj Bou Arreridj,34
Ghailasa,Bordj Ghedir,Bordj Bou Arreridj,34
Taglait,Bordj Ghedir,Bordj Bou Arreridj,34
Bordj Ghedir,Bordj Ghedir,Bordj Bou Arreridj,34
El Euch,El Hamadia,Bordj Bou Arreridj,34
Sidi-Embarek,Bir Kasdali,Bordj Bou Arreridj,34
Khelil,Bir Kasdali,Bordj Bou Arreridj,34
Bir Kasdali,Bir Kasdali,Bordj Bou Arreridj,34
Tefreg,Djaafra,Bordj Bou Arreridj,34
El Main,Djaafra,Bordj Bou Arreridj,34
Djaafra,Djaafra,Bordj Bou Arreridj,34
Colla,Djaafra,Bordj Bou Arreridj,34
Teniet En Nasr,Medjana,Bordj Bou Arreridj,34
El M'hir,Mansourah,Bordj Bou Arreridj,34
Ksour,El Hamadia,Bordj Bou Arreridj,34
Mansoura,Mansourah,Bordj Bou Arreridj,34
Haraza,Mansourah,Bordj Bou Arreridj,34
Rabta,El Hamadia,Bordj Bou Arreridj,34
El Achir,Medjana,Bordj Bou Arreridj,34
Hasnaoua,Medjana,Bordj Bou Arreridj,34
Medjana,Medjana,Bordj Bou Arreridj,34
Ain Tesra,Ras El Oued,Bordj Bou Arreridj,34
Ouled Brahem,Ras El Oued,Bordj Bou Arreridj,34
Ras El Oued,Ras El Oued,Bordj Bou Arreridj,34
Bordj Zemmoura,Bordj Zemmoura,Bordj Bou Arreridj,34
Ouled Dahmane,Bordj Zemmoura,Bordj Bou Arreridj,34
Tassamert,Bordj Zemmoura,Bordj Bou Arreridj,34
B. B. Arreridj,Bordj Bou Arreridj,Bordj Bou Arreridj,34
Ben Daoud,Mansourah,Bordj Bou Arreridj,34
El Kharrouba,Boudouaou,Boumerdï¿½s,35
Dellys,Dellys,Boumerdï¿½s,35
Ben Choud,Dellys,Boumerdï¿½s,35
Afir,Dellys,Boumerdï¿½s,35
Thenia,Thenia,Boumerdï¿½s,35
Beni Amrane,Thenia,Boumerdï¿½s,35
Khemis El Khechna,Khemis El Khechna,Boumerdï¿½s,35
Ammal,Thenia,Boumerdï¿½s,35
Timezrit,Isser,Boumerdï¿½s,35
Zemmouri,Bordj Menaiel,Boumerdï¿½s,35
Larbatache,Khemis El Khechna,Boumerdï¿½s,35
Isser,Isser,Boumerdï¿½s,35
Chabet El Ameur,Isser,Boumerdï¿½s,35
Ouled Aissa,Naciria,Boumerdï¿½s,35
Naciria,Naciria,Boumerdï¿½s,35
Bouzegza Keddara,Boudouaou,Boumerdï¿½s,35
Souk El Had,Thenia,Boumerdï¿½s,35
Sidi Daoud,Baghlia,Boumerdï¿½s,35
Baghlia,Baghlia,Boumerdï¿½s,35
Leghata,Bordj Menaiel,Boumerdï¿½s,35
Djinet,Bordj Menaiel,Boumerdï¿½s,35
Tidjelabine,Boumerdes,Boumerdï¿½s,35
Si Mustapha,Isser,Boumerdï¿½s,35
Ouled Hedadj,Boudouaou,Boumerdï¿½s,35
Ouled Moussa,Khemis El Khechna,Boumerdï¿½s,35
Boumerdes,Boumerdes,Boumerdï¿½s,35
Corso,Boumerdes,Boumerdï¿½s,35
Bordj Menaiel,Bordj Menaiel,Boumerdï¿½s,35
Boudouaou,Boudouaou,Boumerdï¿½s,35
Boudouaou El Bahri,Boudouaou,Boumerdï¿½s,35
Taourga,Baghlia,Boumerdï¿½s,35
Hammedi,Khemis El Khechna,Boumerdï¿½s,35
Ain El Assel,El Tarf,El Tarf,36
Bougous,El Tarf,El Tarf,36
El Tarf,El Tarf,El Tarf,36
Zitouna,El Tarf,El Tarf,36
Besbes,Besbes,El Tarf,36
Ain Kerma,Bouhadjar,El Tarf,36
Bouhadjar,Bouhadjar,El Tarf,36
Hammam Beni Salah,Bouhadjar,El Tarf,36
Oued Zitoun,Bouhadjar,El Tarf,36
Ben M Hidi,Ben M'hidi,El Tarf,36
Berrihane,Ben M'hidi,El Tarf,36
Chebaita Mokhtar,Drean,El Tarf,36
Echatt,Ben M'hidi,El Tarf,36
El Aioun,El Kala,El Tarf,36
El Kala,El Kala,El Tarf,36
Souarekh,El Kala,El Tarf,36
Zerizer,Besbes,El Tarf,36
Bouteldja,Bouteldja,El Tarf,36
Chefia,Bouteldja,El Tarf,36
Lac Des Oiseaux,Bouteldja,El Tarf,36
Chihani,Drean,El Tarf,36
Raml Souk,El Kala,El Tarf,36
Asfour,Besbes,El Tarf,36
Drean,Drean,El Tarf,36
Tindouf,Tindouf,Tindouf,37
Oum El Assel,Tindouf,Tindouf,37
Khemisti,Khemisti,Tissemsilt,38
Theniet El Had,Theniet El Had,Tissemsilt,38
Ouled Bessam,Tissemsilt,Tissemsilt,38
Sidi Boutouchent,Theniet El Had,Tissemsilt,38
Tissemsilt,Tissemsilt,Tissemsilt,38
Sidi Lantri,Lardjem,Tissemsilt,38
Beni Chaib,Bordj Bounaama,Tissemsilt,38
Beni Lahcene,Bordj Bounaama,Tissemsilt,38
Sidi Abed,Ammari,Tissemsilt,38
Sidi Slimane,Bordj Bounaama,Tissemsilt,38
Boucaid,Lazharia,Tissemsilt,38
Larbaa,Lazharia,Tissemsilt,38
Lazharia,Lazharia,Tissemsilt,38
Lardjem,Lardjem,Tissemsilt,38
Melaab,Lardjem,Tissemsilt,38
Layoune,Khemisti,Tissemsilt,38
Tamellahet,Lardjem,Tissemsilt,38
Youssoufia,Bordj Emir Abdelkader,Tissemsilt,38
Bordj El Emir Abdelkader,Bordj Emir Abdelkader,Tissemsilt,38
Ammari,Ammari,Tissemsilt,38
Maacem,Ammari,Tissemsilt,38
Bordj Bounaama,Bordj Bounaama,Tissemsilt,38
Douar El Maa,Taleb Larbi,El Oued,39
El Ogla,Robbah,El Oued,39
Magrane,Magrane,El Oued,39
Sidi Aoun,Magrane,El Oued,39
Mih Ouansa,Mih Ouensa,El Oued,39
Kouinine,El Oued,El Oued,39
Bayadha,Bayadha,El Oued,39
Nakhla,Robbah,El Oued,39
Robbah,Robbah,El Oued,39
Guemar,Guemar,El Oued,39
Ben Guecha,Taleb Larbi,El Oued,39
Ourmes,Guemar,El Oued,39
Taghzout,Guemar,El Oued,39
Hamraia,Reguiba,El Oued,39
Reguiba,Reguiba,El Oued,39
Debila,Debila,El Oued,39
Hassani Abdelkrim,Debila,El Oued,39
Hassi Khalifa,Hassi Khalifa,El Oued,39
Trifaoui,Hassi Khalifa,El Oued,39
Taleb Larbi,Taleb Larbi,El Oued,39
Oued El Alenda,Mih Ouensa,El Oued,39
El-Oued,El Oued,El Oued,39
Khirane,Chechar,Khenchela,40
Babar,Babar,Khenchela,40
El Mahmal,Ouled Rechache,Khenchela,40
Ouled Rechache,Ouled Rechache,Khenchela,40
Djellal,Chechar,Khenchela,40
Yabous,Bouhmama,Khenchela,40
Khenchela,Khenchela,Khenchela,40
Kais,Kais,Khenchela,40
Chelia,Bouhmama,Khenchela,40
Remila,Kais,Khenchela,40
Taouzianat,Kais,Khenchela,40
Baghai,El Hamma,Khenchela,40
El Hamma,El Hamma,Khenchela,40
Ensigha,El Hamma,Khenchela,40
Tamza,El Hamma,Khenchela,40
Ain Touila,Ain Touila,Khenchela,40
M'toussa,Ain Touila,Khenchela,40
Bouhmama,Bouhmama,Khenchela,40
El Oueldja,Chechar,Khenchela,40
M'sara,Bouhmama,Khenchela,40
Chechar,Chechar,Khenchela,40
Souk Ahras,Souk Ahras,Souk Ahras,41
Ain Soltane,Sedrata,Souk Ahras,41
Sedrata,Sedrata,Souk Ahras,41
Hanencha,Mechroha,Souk Ahras,41
Machroha,Mechroha,Souk Ahras,41
Ain Zana,Ouled Driss,Souk Ahras,41
Ouled Driss,Ouled Driss,Souk Ahras,41
Terraguelt,Oum El Adhaim,Souk Ahras,41
Oum El Adhaim,Oum El Adhaim,Souk Ahras,41
Oued Kebrit,Oum El Adhaim,Souk Ahras,41
Tiffech,M'daourouche,Souk Ahras,41
Ragouba,M'daourouche,Souk Ahras,41
Drea,Taoura,Souk Ahras,41
Taoura,Taoura,Souk Ahras,41
Zaarouria,Taoura,Souk Ahras,41
Haddada,Haddada,Souk Ahras,41
Khedara,Haddada,Souk Ahras,41
Ouled Moumen,Haddada,Souk Ahras,41
Merahna,Merahna,Souk Ahras,41
Ouillen,Merahna,Souk Ahras,41
Sidi Fredj,Merahna,Souk Ahras,41
Bir Bouhouche,Bir Bouhouche,Souk Ahras,41
Safel El Ouiden,Bir Bouhouche,Souk Ahras,41
Khemissa,Sedrata,Souk Ahras,41
M'daourouche,M'daourouche,Souk Ahras,41
Zouabi,Bir Bouhouche,Souk Ahras,41
Hadjout,Hadjout,Tipaza,42
Merad,Hadjout,Tipaza,42
Menaceur,Sidi Amar,Tipaza,42
Aghbal,Gouraya,Tipaza,42
Nador,Sidi Amar,Tipaza,42
Sidi-Amar,Sidi Amar,Tipaza,42
Gouraya,Gouraya,Tipaza,42
Messelmoun,Gouraya,Tipaza,42
Cherchell,Cherchell,Tipaza,42
Hadjret Ennous,Cherchell,Tipaza,42
Sidi Ghiles,Cherchell,Tipaza,42
Damous,Damous,Tipaza,42
Larhat,Damous,Tipaza,42
Fouka,Fouka,Tipaza,42
Ain Tagourait,Bou Ismail,Tipaza,42
Bou Haroun,Bou Ismail,Tipaza,42
Bou Ismail,Bou Ismail,Tipaza,42
Khemisti,Bou Ismail,Tipaza,42
Ahmer El Ain,Ahmar El Ain,Tipaza,42
Bourkika,Ahmar El Ain,Tipaza,42
Douaouda,Fouka,Tipaza,42
Sidi Rached,Ahmar El Ain,Tipaza,42
Attatba,Kolea,Tipaza,42
Chaiba,Kolea,Tipaza,42
Kolea,Kolea,Tipaza,42
Sidi Semiane,Cherchell,Tipaza,42
Tipaza,Tipaza,Tipaza,42
Beni Mileuk,Damous,Tipaza,42
El Mechira,Teleghma,Mila,43
El Ayadi Barbes,Ain Beida Harriche,Mila,43
Ain Beida Harriche,Ain Beida Harriche,Mila,43
Tassala Lematai,Terrai Bainen,Mila,43
Terrai Bainen,Terrai Bainen,Mila,43
Amira Arres,Terrai Bainen,Mila,43
Tassadane Haddada,Tassadane Haddada,Mila,43
Minar Zarza,Tassadane Haddada,Mila,43
Sidi Merouane,Sidi Merouane,Mila,43
Chigara,Sidi Merouane,Mila,43
Hamala,Grarem Gouga,Mila,43
Grarem Gouga,Grarem Gouga,Mila,43
Tiberguent,Rouached,Mila,43
Rouached,Rouached,Mila,43
Derrahi Bousselah,Bouhatem,Mila,43
Zeghaia,Oued Endja,Mila,43
Oued Endja,Oued Endja,Mila,43
Ahmed Rachedi,Oued Endja,Mila,43
Tadjenanet,Tadjenanet,Mila,43
Ain Mellouk,Chelghoum Laid,Mila,43
Ouled Khalouf,Tadjenanet,Mila,43
Benyahia Abderrahmane,Tadjenanet,Mila,43
Teleghma,Teleghma,Mila,43
Oued Seguen,Teleghma,Mila,43
Oued Athmenia,Chelghoum Laid,Mila,43
Ain Tine,Mila,Mila,43
Chelghoum Laid,Chelghoum Laid,Mila,43
Yahia Beniguecha,Ferdjioua,Mila,43
Ferdjioua,Ferdjioua,Mila,43
Sidi Khelifa,Mila,Mila,43
Mila,Mila,Mila,43
Bouhatem,Bouhatem,Mila,43
Khemis-Miliana,Khemis,Aï¿½n Defla,44
Sidi-Lakhdar,Khemis,Aï¿½n Defla,44
Ain-Benian,Hammam Righa,Aï¿½n Defla,44
Ain-Torki,Hammam Righa,Aï¿½n Defla,44
Hammam-Righa,Hammam Righa,Aï¿½n Defla,44
Bourached,Djelida,Aï¿½n Defla,44
Hoceinia,Boumedfaa,Aï¿½n Defla,44
Djelida,Djelida,Aï¿½n Defla,44
Arib,El Amra,Aï¿½n Defla,44
Djemaa Ouled Cheikh,Djelida,Aï¿½n Defla,44
El-Amra,El Amra,Aï¿½n Defla,44
El-Attaf,El Attaf,Aï¿½n Defla,44
Tiberkanine,El Attaf,Aï¿½n Defla,44
Ain-Bouyahia,El Abadia,Aï¿½n Defla,44
El-Abadia,El Abadia,Aï¿½n Defla,44
Tacheta Zegagha,El Abadia,Aï¿½n Defla,44
Birbouche,Djendel,Aï¿½n Defla,44
Djendel,Djendel,Aï¿½n Defla,44
Ben Allal,Miliana,Aï¿½n Defla,44
Oued Chorfa,Djendel,Aï¿½n Defla,44
Boumedfaa,Boumedfaa,Aï¿½n Defla,44
Ain-Lechiakh,Ain Lechiakh,Aï¿½n Defla,44
Ain-Soltane,Ain Lechiakh,Aï¿½n Defla,44
Oued Djemaa,Ain Lechiakh,Aï¿½n Defla,44
El-Maine,Rouina,Aï¿½n Defla,44
Rouina,Rouina,Aï¿½n Defla,44
Zeddine,Rouina,Aï¿½n Defla,44
Bir-Ould-Khelifa,Bordj El Emir Khaled,Aï¿½n Defla,44
Bordj-Emir-Khaled,Bordj El Emir Khaled,Aï¿½n Defla,44
Tarik-Ibn-Ziad,Bordj El Emir Khaled,Aï¿½n Defla,44
Bathia,Bathia,Aï¿½n Defla,44
Belaas,Bathia,Aï¿½n Defla,44
Hassania,Bathia,Aï¿½n Defla,44
Ain-Defla,Ain Defla,Aï¿½n Defla,44
Miliana,Miliana,Aï¿½n Defla,44
Mekhatria,El Amra,Aï¿½n Defla,44
Tiout,Ain Sefra,Naï¿½ma,45
Moghrar,Moghrar,Naï¿½ma,45
Asla,Asla,Naï¿½ma,45
Kasdir,Mekmen Ben Amar,Naï¿½ma,45
Makmen Ben Amar,Mekmen Ben Amar,Naï¿½ma,45
Ain Sefra,Ain Sefra,Naï¿½ma,45
Mecheria,Mecheria,Naï¿½ma,45
El Biodh,Mecheria,Naï¿½ma,45
Ain Ben Khelil,Mecheria,Naï¿½ma,45
Naama,Naama,Naï¿½ma,45
Djenienne Bourezg,Moghrar,Naï¿½ma,45
Sfissifa,Sfissifa,Naï¿½ma,45
Sidi Boumediene,Ain Larbaa,Aï¿½n Tï¿½mouchent,46
Tamzoura,Ain Larbaa,Aï¿½n Tï¿½mouchent,46
Chaabat El Ham,El Maleh,Aï¿½n Tï¿½mouchent,46
El Maleh,El Maleh,Aï¿½n Tï¿½mouchent,46
Ouled Kihal,El Maleh,Aï¿½n Tï¿½mouchent,46
Chentouf,Hammam Bou Hadjar,Aï¿½n Tï¿½mouchent,46
Terga,El Maleh,Aï¿½n Tï¿½mouchent,46
Oued Sebbah,Ain Larbaa,Aï¿½n Tï¿½mouchent,46
El Amria,El Amria,Aï¿½n Tï¿½mouchent,46
Hassi El Ghella,El Amria,Aï¿½n Tï¿½mouchent,46
Ouled Boudjemaa,El Amria,Aï¿½n Tï¿½mouchent,46
Aghlal,Ain Kihel,Aï¿½n Tï¿½mouchent,46
Ain Kihal,Ain Kihel,Aï¿½n Tï¿½mouchent,46
Ain Tolba,Ain Kihel,Aï¿½n Tï¿½mouchent,46
Aoubellil,Ain Kihel,Aï¿½n Tï¿½mouchent,46
Beni Saf,Beni Saf,Aï¿½n Tï¿½mouchent,46
Hassasna,Hammam Bou Hadjar,Aï¿½n Tï¿½mouchent,46
Emir Abdelkader,Beni Saf,Aï¿½n Tï¿½mouchent,46
Sidi Safi,Beni Saf,Aï¿½n Tï¿½mouchent,46
Oulhaca El Gheraba,Oulhassa Gheraba,Aï¿½n Tï¿½mouchent,46
Sidi Ouriache,Oulhassa Gheraba,Aï¿½n Tï¿½mouchent,46
Ain El Arbaa,Ain Larbaa,Aï¿½n Tï¿½mouchent,46
El Messaid,El Amria,Aï¿½n Tï¿½mouchent,46
Oued Berkeche,Hammam Bou Hadjar,Aï¿½n Tï¿½mouchent,46
Sidi Ben Adda,Ain Temouchent,Aï¿½n Tï¿½mouchent,46
Ain Temouchent,Ain Temouchent,Aï¿½n Tï¿½mouchent,46
Bouzedjar,El Amria,Aï¿½n Tï¿½mouchent,46
Hammam Bou Hadjar,Hammam Bou Hadjar,Aï¿½n Tï¿½mouchent,46
Dhayet Bendhahoua,Dhayet Ben Dhahoua,Ghardaï¿½a,47
Mansoura,Mansourah,Ghardaï¿½a,47
El Atteuf,Bounoura,Ghardaï¿½a,47
Bounoura,Bounoura,Ghardaï¿½a,47
Zelfana,Zelfana,Ghardaï¿½a,47
El Guerrara,El Guerrara,Ghardaï¿½a,47
Sebseb,Metlili,Ghardaï¿½a,47
Metlili,Metlili,Ghardaï¿½a,47
Berriane,Berriane,Ghardaï¿½a,47
Ghardaia,Ghardaia,Ghardaï¿½a,47
El-Guettar,Mazouna,Relizane,48
Ouled Aiche,Ammi Moussa,Relizane,48
Beni Dergoun,Zemmoura,Relizane,48
Dar Ben Abdelah,Zemmoura,Relizane,48
Zemmoura,Zemmoura,Relizane,48
Djidiouia,Djidiouia,Relizane,48
Hamri,Djidiouia,Relizane,48
Belaassel Bouzagza,El Matmar,Relizane,48
El-Matmar,El Matmar,Relizane,48
Sidi Khettab,El Matmar,Relizane,48
Sidi M'hamed Benaouda,El Matmar,Relizane,48
Ain-Tarek,Ain Tarek,Relizane,48
Had Echkalla,Ain Tarek,Relizane,48
El Ouldja,Ammi Moussa,Relizane,48
Mazouna,Mazouna,Relizane,48
Ain Rahma,Yellel,Relizane,48
Kalaa,Yellel,Relizane,48
Sidi Saada,Yellel,Relizane,48
Yellel,Yellel,Relizane,48
Souk El Had,Ramka,Relizane,48
Mendes,Mendes,Relizane,48
Oued Essalem,Mendes,Relizane,48
Sidi Lazreg,Mendes,Relizane,48
Ammi Moussa,Ammi Moussa,Relizane,48
Ouarizane,Oued Rhiou,Relizane,48
Merdja Sidi Abed,Oued Rhiou,Relizane,48
Ouled Sidi Mihoub,Djidiouia,Relizane,48
Bendaoud,Relizane,Relizane,48
Oued-Rhiou,Oued Rhiou,Relizane,48
El Hassi,Ammi Moussa,Relizane,48
Sidi M'hamed Benali,Sidi M'hamed Ben Ali,Relizane,48
Mediouna,Sidi M'hamed Ben Ali,Relizane,48
Beni Zentis,Sidi M'hamed Ben Ali,Relizane,48
Oued El Djemaa,El H'madna,Relizane,48
Lahlef,Oued Rhiou,Relizane,48
Relizane,Relizane,Relizane,48
El H'madna,El H'madna,Relizane,48
Ramka,Ramka,Relizane,48
Tinerkouk,Tinerkouk,Timimoun,49
Timimoun,Timimoun,Timimoun,49
Ouled Said,Timimoun,Timimoun,49
Metarfa,Aougrout,Timimoun,49
Talmine,Charouine,Timimoun,49
Ouled Aissa,Charouine,Timimoun,49
Charouine,Charouine,Timimoun,49
Aougrout,Aougrout,Timimoun,49
Deldoul,Aougrout,Timimoun,49
Ksar Kaddour,Tinerkouk,Timimoun,49
Timiaouine,Bordj Badji Mokhtar,Bordj Badji Mokhtar,50
Bordj Badji Mokhtar,Bordj Badji Mokhtar,Bordj Badji Mokhtar,50
Ras El Miad,Sidi Khaled,Ouled Djellal,51
Besbes,Sidi Khaled,Ouled Djellal,51
Sidi Khaled,Sidi Khaled,Ouled Djellal,51
Doucen,Ouled Djellal,Ouled Djellal,51
Chaiba,Ouled Djellal,Ouled Djellal,51
Ouled Djellal,Ouled Djellal,Ouled Djellal,51
Beni-Abbes,Beni Abbes,Bï¿½ni Abbï¿½s,52
Tamtert,Beni Abbes,Bï¿½ni Abbï¿½s,52
Igli,Igli,Bï¿½ni Abbï¿½s,52
El Ouata,El Ouata,Bï¿½ni Abbï¿½s,52
Ouled-Khodeir,Ouled Khodeir,Bï¿½ni Abbï¿½s,52
Kerzaz,Kerzaz,Bï¿½ni Abbï¿½s,52
Timoudi,Kerzaz,Bï¿½ni Abbï¿½s,52
Ksabi,Ouled Khodeir,Bï¿½ni Abbï¿½s,52
Beni-Ikhlef,Kerzaz,Bï¿½ni Abbï¿½s,52
Inghar,In Ghar,In Salah,53
Ain Salah,In Salah,In Salah,53
Foggaret Ezzoua,In Salah,In Salah,53
Tin Zouatine,Tin Zouatine,In Guezzam,54
Ain Guezzam,In Guezzam,In Guezzam,54
Temacine,Temacine,Touggourt,55
Sidi Slimane,Megarine,Touggourt,55
Megarine,Megarine,Touggourt,55
Nezla,Touggourt,Touggourt,55
Blidet Amor,Temacine,Touggourt,55
Tebesbest,Touggourt,Touggourt,55
Touggourt,Touggourt,Touggourt,55
Taibet,Taibet,Touggourt,55
El Alia,El-Hadjira,Touggourt,55
El-Hadjira,El-Hadjira,Touggourt,55
Benaceur,Taibet,Touggourt,55
M'naguer,Taibet,Touggourt,55
Zaouia El Abidia,Touggourt,Touggourt,55
Djanet,Djanet,Djanet,56
Bordj El Haouass,Djanet,Djanet,56
Oum Touyour,El Meghaier,El Meghaier,57
Sidi Amrane,Djamaa,El Meghaier,57
M'rara,Djamaa,El Meghaier,57
Djamaa,Djamaa,El Meghaier,57
Tenedla,Djamaa,El Meghaier,57
El-M'ghaier,El Meghaier,El Meghaier,57
Still,El Meghaier,El Meghaier,57
Sidi Khelil,El Meghaier,El Meghaier,57
El Meniaa,El Menia,El Menia,58
Hassi Gara,El Menia,El Menia,58
Hassi Fehal,Mansourah,El Menia,58
